Vocabularies,,,,,,,,,,,,,,,,,,,,
,,,,,,,,,,,,,,,,,,,,
SAMPLE CATEGORY,,ANALYZED MATERIAL 1,ANALYZED MATERIAL 2,,PARAMETER ,Parameter description,,UNIT,Unit description,,ARTEFACT CATEGORY,ARTEFACT DESCRIPTION,SITE CONTEXT,,TECHNIQUE,Technique description,,Standard deviation,,"Conversion
Fe2O3T to Fe2OT is 2 x (55.85 + 16)/(55.85 x 2 + 16 x 3) = 0.8998 while the factor to convert Fe2OT to Fe2O3T is 1/0.8998 = 1.1113."
SOURCE,,Whole rock,Core sample,,AB,albite,,%,percent,,ADZE,COMPLETE,AGRICULTURAL,,14C,CARBON 14 AGE DETERMINATION,,1σ,,FeOT=Fe2O3T*0.8998
ARTEFACT,,Fused disk,Sample surface,,AC,acmite,,age,age,,ADZE PREFORM,FRAGMENT,CEREMONIAL,,AA,ACTIVATION ANALYSIS,,2σ,,
,,Volcanic glass,Powder,,ACC,accessory minerals,,CRA          ,Conventional Radiocarbon Age,,CHISEL,FRAGMENT (PROXIMAL),DOMESTIC,,AAS,ATOMIC ABSORPTION,,,,
,,Mineral,,,ACETATE,acetate,,cm,centimeter,,COBBLE,FRAGMENT (MESIAL),DEFENSIVE,,AGE:ASSIG,Assigned Sample Age,,,,
,,,,,ACT,actinolite ,,m,meter,,COBBLE (KILIKILI),FRAGMENT (DISTAL),FUNERAL,,AGE:GEO,Geological Sample Age,,,,
,,,,,ACT-HORN,actinolitic hornblende,,Ma,million years ago,,CORE,NATURAL DYKE,MIDDEN,,ALPHA,ALPHA COUNTING,,,,
,,,,,AEG,aegirine,,ppm,parts per million,,FLAKE,NATURAL BOULDER/COBBLE,NATURAL,,ALPHA-ID,ALPHA COUNTING ISOTOPE DILUTION,,,,
,,,,,Ag,silver,,wt%,weight percent,,FLAKE (ADZE BLANK),NATURAL PRISM,QUARRY,,AMS,ACCELERATOR MASS SPECTROMETRY,,,,
,,,,,Age,sample age,,,,,FLAKE (ADZE KNAPPING),NA,ROCKSHELTER,,ANC,ANION CHROMATOGRAPHY,,,,
,,,,,AI,age item,,,,,FLAKE (DEBITAGE),,WORKSHOP,,AR_AR,AR40_AR39 AGE DETERMINATION,,,,
,,,,,Al,aluminum,,,,,FLAKE (RETOUCHED),,NA,,ARC,ARC SPECTROMETRY,,,,
,,,,,Al2O3,aluminium oxide,,,,,GEOLOGICAL,,,,AUT,AUTO ANALYZER,,,,
,,,,,ALK,alkalinity,,,,,ARCHITECTURAL,,,,AUTLCH,AUTOMATED LEACHING,,,,
,,,,,ALKENONE,alkenone,,,,,GRINDSTONE,,,,BOMB,CARBONATE BOMB,,,,
,,,,,ALLA,allanite,,,,,OVENSTONE,,,,CALC,CALCULATED,,,,
,,,,,ALM,almandine,,,,,HAMMERSTONE,,,,CCP,CALCIUM CARBONATE PRESERVATION,,,,
,,,,,AL-SAP,aluminum saponite,,,,,NA,,,,CHN,CARBON HYDROGEN NITROGEN ANALYSIS,,,,
,,,,,ALT,alteration product,,,,,,,,,CHN-G,CHN GAS CHROMATOGRAPHY,,,,
,,,,,AMES,amesite,,,,,,,,,CHS,CARBON HYDROGEN SULFUR ELEMENTAL ANALYZER,,,,
,,,,,AMG,amygdule,,,,,,,,,CMBN,COMBUSTION,,,,
,,,,,AMPH,amphibole,,,,,,,,,CNS,CARBON NITROGEN SULFUR ANALYZER,,,,
,,,,,AM-SI,amorphous silica,,,,,,,,,COL,COLORIMETRIC ANALYSIS,,,,
,,,,,AN,anorthite,,,,,,,,,COUL,COULOMETRICAL ANALYSIS,,,,
,,,,,ANAL,analcite,,,,,,,,,CSA,CARBON SULFUR ANALYSIS,,,,
,,,,,ANCL,anorthoclase,,,,,,,,,DCP,DIRECT CURRENT PLASMA (FURTHER DETAIL NOT PROVIDED),,,,
,,,,,AND,andalusite,,,,,,,,,DCP-AES,DIRECT CURRENT PLASMA ATOMIC EMISSION SPECTROMETRY,,,,
,,,,,ANDR,andradite,,,,,,,,,DROES,DIRECT READING OPTICAL EMISSIONS SPECTROSCOPY,,,,
,,,,,ANH,anhydrite,,,,,,,,,EA,ELEMENTAL ANALYSIS,,,,
,,,,,ANOR,anorthosite,,,,,,,,,EA-CF-IRMS,ELEMENTAL ANALYZER-CONTINUOUS FLOW ISOTOPE RATIO MASS SPECTROMETRY,,,,
,,,,,APA,apatite,,,,,,,,,EMP,ELECTRON MICROPROBE,,,,
,,,,,Ar,argon,,,,,,,,,ENAA,EPITHERMAL NEUTRON ACTIVATION ANALYSIS,,,,
,,,,,Ar36,argon isotope ar36,,,,,,,,,ES,EMISSION SPECTROMETRY,,,,
,,,,,Ar36_Ar38,ratio of argon isotopes ar36 to ar38,,,,,,,,,FIS,FISSION TRACK,,,,
,,,,,Ar36_Ar40,ratio of argon isotopes ar36 to ar40,,,,,,,,,FL-ES,FLAME EMISSION SPECTROSCOPY,,,,
,,,,,Ar37_Ar40,ratio of ar37 to ar40,,,,,,,,,FP,FILM POLAROGRAPHY,,,,
,,,,,Ar38,argon isotope ar38,,,,,,,,,FPHOT,FLAME PHOTOMETRY,,,,
,,,,,Ar38_Ar36,ratio of argon isotopes ar38 to ar36,,,,,,,,,FTIR,FOURIER TRANSFORM INFRARED SPECTROMETRY,,,,
,,,,,Ar39,argon isotope ar39,,,,,,,,,GAMMA,GAMMA COUNTING,,,,
,,,,,Ar39_Ar40,ratio of argon isotopes ar39 to ar40,,,,,,,,,GC,GAS CHROMATOGRAPHY,,,,
,,,,,Ar40,argon isotope ar40,,,,,,,,,GC-MS,GAS CHROMATOGRAPHY- MASS SPECTROMETRY,,,,
,,,,,Ar40*,radiogenic ar40,,,,,,,,,GF-AAS,GRAPHITE FURNACE ATOMIC ABSORPTION SPECTROMETRY,,,,
,,,,,Ar40_Ar36,ratio of argon isotopes ar40 to ar36,,,,,,,,,GIO,GRADIENT ION-CHROMATOGRAPHY,,,,
,,,,,Ar40_Ar36(I),initial ar40 to ar36 ratio,,,,,,,,,GL-EL,GLASS ELECTRODE,,,,
,,,,,Ar40_Ar39,ratio of argon isotopes ar40 to ar39,,,,,,,,,GRAV,GRAVIMETRY,,,,
,,,,,Ar40_ATM,atmospheric argon isotope ar40,,,,,,,,,GS,GASOMETRIC TECHNIQUE,,,,
,,,,,Ar40_He4,ratio of argon isotopes ar40 to helium isotope he4,,,,,,,,,HPLC,HIGH-PERFORMANCE LIQUID CHROMATOGRAPHY,,,,
,,,,,Ar40_RG,radiogenic ar40,,,,,,,,,HR-ICP-MS,HIGH-RESOLUTION INDUCTIVELY COUPLED PLASMA MASS SPECTROMETRY,,,,
,,,,,Ar40RG_Ar39K,ratio of radiogenic ar40 to ar39 produced from k,,,,,,,,,IA,IMAGE ANALYSIS,,,,
,,,,,ARA,aragonite,,,,,,,,,ICP,INDUCTIVELY COUPLED PLASMA (FURTHER DETAIL NOT PROVIDED),,,,
,,,,,ARMA,armalcolite,,,,,,,,,ICP:AES,INDUCTIVELY COUPLED PLASMA  ATOMIC EMISSION SPECTROSCOPY,,,,
,,,,,As,arsenic,,,,,,,,,ICP:ES,INDUCTIVELY COUPLED PLASMA SOURCE EMISSION SPECTROMETRY,,,,
,,,,,Au,gold,,,,,,,,,ICP:LA,INDUCTIVELY COUPLED PLASMA LASER ABLATION (FURTHER DETAIL NOT PROVIDED),,,,
,,,,,AUG,augite,,,,,,,,,ICP:LAM,INDUCTIVELY COUPLED PLASMA MASS SPECTROMETRY LASER ABLATION MICROPROBE,,,,
,,,,,AWA,awaruite,,,,,,,,,ICP:MS,INDUCTIVELY COUPLED PLASMA MASS SPECTROMETRY,,,,
,,,,,B,boron,,,,,,,,,ICP:MS-HR,INDUCTIVELY COUPLED PLASMA MASS SPECTROMETRY HIGH-RESOLUTION,,,,
,,,,,B_Ca,ratio of boron to calcium,,,,,,,,,ICP:MS-ID,INDUCTIVELY COUPLED PLASMA MASS SPECTROMETRY ISOTOPE DILUTION,,,,
,,,,,B11_B10,boron isotope,,,,,,,,,ICP:MS-LA,INDUCTIVELY COUPLED PLASMA MASS SPECTROMETRY LASER  ABLATION ,,,,
,,,,,Ba,barium,,,,,,,,,ICP:MS-LA-MC,INDUCTIVELY COUPLED PLASMA MASS SPECTROMETRY LASER ABLATION MULTICOLLECTOR,,,,
,,,,,Ba_Ca,ratio of barium to calcium,,,,,,,,,ICP:MS-MC,INDUCTIVELY COUPLED PLASMA MASS SPECTROMETRY MULTI-COLLECTOR,,,,
,,,,,BaO,barium oxide,,,,,,,,,ICP-OES,OPTICAL EMISSION SPECTROSPCOPY,,,,
,,,,,BaSO4,barite,,,,,,,,,ICS,IRIDIUM COINCIDENCE SPECTROMETRY,,,,
,,,,,Be,beryllium,,,,,,,,,IGN,IGNITION,,,,
,,,,,Be10,beryllium isotope be10,,,,,,,,,IMP,ION MICROPROBE,,,,
,,,,,Be10_Be9,ratio of beryllium isotopes be10 to be9,,,,,,,,,INAA,INSTRUMENTAL NEUTRON ACTIVATION ANALYSIS,,,,
,,,,,Be10_Be9(T),"ratio of isotopes be10 to be 9, time corrected",,,,,,,,,INC,ION CHROMATOGRAPHY,,,,
,,,,,Be9,beryllium isotope be9,,,,,,,,,IR-SP,INFRA-RED SPECTROSCOPY,,,,
,,,,,Bi,bismuth,,,,,,,,,ISE,ION SENSITIVE ELECTRODE,,,,
,,,,,BIO,biotite,,,,,,,,,IVA,INVERSION VOLT-AMPERMETRY,,,,
,,,,,Br,bromium,,,,,,,,,K-AR,K-AR AGE DETERMINATION,,,,
,,,,,BROMIDE , bromide,,,,,,,,,LAICP,INDUCTIVELY COUPLED PLASMA LASER ABLATION (FURTHER DETAIL NOT PROVIDED),,,,
,,,,,BST,bastite,,,,,,,,,LA-ICPMS,LASER ABLATION INDUCTIVELY COUPLED PLASMA MASS SPECTROMETRY,,,,
,,,,,BZT,bronzite,,,,,,,,,LF,LASER FLUORINATION,,,,
,,,,,C,carbon,,,,,,,,,LU-HF,LUTETIUM-HAFNIUM AGE DETERMINATION,,,,
,,,,,C(INORG),inorganic carbon,,,,,,,,,MANO,MANOMETRY,,,,
,,,,,C(ORG),organic carbon,,,,,,,,,MBS,MOLYBDATE-BLUE SPECTROMETRY,,,,
,,,,,C(TOT),total carbon,,,,,,,,,MC-ICP-MS,LASER ABLATION MULTICOLLECTOR INDUCTIVELY COUPLED PLASMA MASS SPECTROMETRY,,,,
,,,,,C_(non-carb),non-carbonate carbon,,,,,,,,,MOSS,"MOSSBAUER SPECTRA
",,,,
,,,,,C_N,ratio of organic carbon to total nitrogen,,,,,,,,,MS,MASS SPECTROMETRY,,,,
,,,,,C14_AGE,c14_age,,,,,,,,,MS:ID,ISOTOPE DILUTION MASS SPECTROMETRY,,,,
,,,,,Ca,calcium,,,,,,,,,MS:SIMS,SECONDARY IONIZATION MASS SPECTROMETRY,,,,
,,,,,Ca_K,ratio of calcium to potassium,,,,,,,,,MS:SS-ID,SPARK SOURCE MASS SPECTROMETRY - ISOTOPE DILUTION,,,,
,,,,,CaCO3,calcium carbonate,,,,,,,,,MS:SSMS,SPARK SOURCE MASS SPECTROMETRY,,,,
,,,,,CALC,calcite,,,,,,,,,MS:TIMS,THERMAL IONIZATION MASS SPECTROMETRY,,,,
,,,,,CALCITE,calcite,,,,,,,,,MS:TIMS-ID,TIMS ISOTOPE  DILUTION,,,,
,,,,,CALIBRATED C14_AGE,calibrated c14_age,,,,,,,,,MS:TIMS-ID-NEG,NEGATIVE THERMAL IONIZATION MASS SPECTROMETRY ISOTOPE DILUTION,,,,
,,,,,CaO,calcium oxide,,,,,,,,,MS:TIMS-NEG,NEGATIVE THERMAL IONIZATION MASS SPECTROMETRY,,,,
,,,,,Ca-OL,calcium-olivine,,,,,,,,,MS-ID,MASS SPECTROMETRY ISOTOPE DILUTION,,,,
,,,,,CAP_DELTA_S33,"deviation of delta_s33 from the terrestrial fractionation array, calculated as delta_s33 minus 1000 times (delta_s34 divided by 1000 then plus one) taken to the 0.515th power) minus 1 or cap_delta_33s=delta_s33-1000×[(delta_s34/1000+1)^0.515-1]",,,,,,,,,NAA,NEUTRON ACTIVATION ANALYSIS,,,,
,,,,,CARB,carbonate,,,,,,,,,NAA-PG,PROMPT-GAMMA NEUTRON ACTIVATION ANALYSIS,,,,
,,,,,CASU,calcium sulfate,,,,,,,,,NCC,NEUTRON COINCIDENCE COUNTING,,,,
,,,,,CATS,calcium tschermak molecule,,,,,,,,,NN,UNKNOWN,,,,
,,,,,CCR,calcium chromium clinopyroxene,,,,,,,,,NSFA-ID,NICKEL SULFIDE FIRE ASSAY ISOTOPE DILUTION,,,,
,,,,,Cd,cadmium,,,,,,,,,NTIMS,NEGATIVE THERMAL IONIZATION MASS SPECTROMETRY,,,,
,,,,,Cd_Ca,ratio of cadmium to calcium,,,,,,,,,NTIMS-ID,NEGATIVE THERMAL IONIZATION MASS SPECTROMETRY ISOTOPE DILUTION,,,,
,,,,,Ce,cerium,,,,,,,,,OES,OPTICAL EMISSION SPECTROMETRY,,,,
,,,,,Ce136_Ce142,ratio of cerium isotopes ce136 to ce142,,,,,,,,,OPS,OPTICAL SPECTROSCOPY,,,,
,,,,,Ce138_Ce142,ratio of cerium isotopes ce138 to ce142,,,,,,,,,PB-PB,PB-PB DATING,,,,
,,,,,Ce140_Nd146,ratio of cerium to neodymium isotopes ce140 to nd146,,,,,,,,,PC,POINT-COUNTING,,,,
,,,,,Ce2O3,cerium oxide,,,,,,,,,PEN,PENFIELD METHOD,,,,
,,,,,CEL,celadonite,,,,,,,,,PGNAA,PROMPT-GAMMA NEUTRON ACTIVATION ANALYSIS,,,,
,,,,,CEL-NON,celadonite-nontronite,,,,,,,,,PMP,PROTON MICROPROBE,,,,
,,,,,CEL-NON-SAP,celadonite-nontranite-saponite,,,,,,,,,POT,POTENTIOMETRY,,,,
,,,,,CELS,celsian,,,,,,,,,PYHY,PYROHYDROLYSIS,,,,
,,,,,CH4,methane,,,,,,,,,RA-TH,RA226_TH230 AGE DETERMINATION,,,,
,,,,,CHL/SMEC,chlorite/smectite,,,,,,,,,RB-SR,RB-SR AGE DETERMINATION,,,,
,,,,,CHLOR,chlorite,,,,,,,,,REF,REFRACTOMETER,,,,
,,,,,CHLORINITY,chlorinity,,,,,,,,,RE-OS,RHENIUM-OSMIUM AGE DETERMINATION,,,,
,,,,,CHLORITE,chlorite,,,,,,,,,REP,ROCK EVAL PYROLYSIS,,,,
,,,,,CHLOR-SAP,chlorite-saponite,,,,,,,,,RNAA,RADIOANALYTICAL NEUTRON ACTIVATION,,,,
,,,,,CHRG_BAL ," electrical charge balance, calculated as the sum of cations vs. anions",,,,,,,,,RR,RAPID ROCK,,,,
,,,,,CHROM,chromite,,,,,,,,,RSA,RADIO-ISOTOPIC SAMPLE AGE,,,,
,,,,,CHRYS,chrysotile,,,,,,,,,SEM,SCANNING ELECTRON MICROSCOPE,,,,
,,,,,Cl,chlorine,,,,,,,,,SEM-EDS,SEM-ENERGY DISPERSIVE XRAYS,,,,
,,,,,CLAY,clay,,,,,,,,,SIMS,SECONDARY ION MASS SPECTROMETRY,,,,
,,,,,CLS,celestine,,,,,,,,,SMA,SOLID'S MOISTURE ANALYSIS,,,,
,,,,,CLY,clay mineral,,,,,,,,,SM-ND,SAMARIUM-NEODYMIUM AGE DETERMINATION,,,,
,,,,,CMG,cummingtonite,,,,,,,,,SPEC,SPECTROGRAPHIC ANALYSIS,,,,
,,,,,Co,cobalt,,,,,,,,,SP-PH,SPECTROPHOTOMETRY,,,,
,,,,,CO1,carbon monoxide,,,,,,,,,SS-ID,SPARK SOURCE MASS SPECTROMETRY - ISOTOPE DILUTION,,,,
,,,,,CO2,carbon dioxide,,,,,,,,,SSMS,SPARK SOURCE MASS SPECTROMETRY,,,,
,,,,,CO2_umol,carbon dioxide measured in micromols,,,,,,,,,TH_PB,THORIUM-LEAD AGE DETERMINATION,,,,
,,,,,CoO,cobalt oxide,,,,,,,,,TIMS,"Thermal  
Ionization Mass Spectrometer",,,,
,,,,,COR,corundum,,,,,,,,,TIMS-ID,THERMAL IONIZATION MASS SPECTROMETRY ISOTOPE DILUTION,,,,
,,,,,CORD,cordierite,,,,,,,,,TITR,TITRATION,,,,
,,,,,CORR,corrensite,,,,,,,,,U_PA,U235_PA231 AGE DETERMINATION,,,,
,,,,,CPX,clinopyroxene,,,,,,,,,U_PB,URANIUM LEAD AGE DETERMINATION,,,,
,,,,,CPY,chalcopyrite,,,,,,,,,U_TH,U238_TH230 AGE DETERMINATION,,,,
,,,,,Cr,chromium,,,,,,,,,U_TH_HE,U-TH-HE AGE DETERMINATION,,,,
,,,,,Cr2O3,chromium oxide,,,,,,,,,UNKNOWN,UNKNOWN,,,,
,,,,,CRICH,crichtonite,,,,,,,,,U-PB,URANIUM-LEAD AGE DETERMINATION,,,,
,,,,,CRIS,cristobalite,,,,,,,,,UV-ES,ULTRAVIOLET EMISSION SPECTROGRAPHY,,,,
,,,,,Cs,cesium,,,,,,,,,VAC-F,VACUUM FUSION,,,,
,,,,,Cs137_ACTIVITY,cesium isotope cs137 reported as activity,,,,,,,,,VOL,VOLUMETRIC ANALYSIS,,,,
,,,,,CSO,"casio3, high pressure",,,,,,,,,WET,WET CHEMISTRY,,,,
,,,,,CST,coesite,,,,,,,,,XANES,X-RAY ABSORPTION NEAR-EDGE STRUCTURE SPECTROSCOPY,,,,
,,,,,CTD,chloritoid,,,,,,,,,XRD,X-RAY DISPERSIVE SPECTROMETRY,,,,
,,,,,CTI,calcium titanium tschermak molecule,,,,,,,,,XRF,X-RAY FLUORESCENCE,,,,
,,,,,Cu,copper,,,,,,,,,XRF-EDS,ENERGY-DISPERSIVE X-RAY FLUORESCENCE,,,,
,,,,,Cu2O,copper(i) oxide,,,,,,,,,XRF-SCAN,X-RAY FLUORESCENCE SCANNING,,,,
,,,,,CUB,cubanite,,,,,,,,,ED-XRF,ENERGY DISPERSIVE XRF,,,,
,,,,,CuO,copper oxide,,,,,,,,,WD-XRF,WAVELENGH DISPERSIVE XRF,,,,
,,,,,DELTA_B11,"equals: (ratio of boron isotopes b11/b10 in the sample divided by ratio of b11/b10 in reference material srm951)  minus 1, multiplied by 1000",,,,,,,,,,,,,,
,,,,,DELTA_C13,"equals: (ratio of carbon isotopes c13/c12 in the sample divided by ratio of c13/c12 of the pee dee belemnite) minus 1, multiplied by 1000",,,,,,,,,,,,,,
,,,,,DELTA_Ca44,"equals :(ratio of 44ca to 40ca sample) divided by (ratio of 44ca std to 40ca std) minus 1,  multplied by 1000",,,,,,,,,,,,,,
,,,,,DELTA_Cl37,"equals: (ratio of chlorine isotopes cl37/cl35 in the sample divided by ratio of cl37/cl35 of the standard mean ocean chlorine) minus 1, multiplied by 1000",,,,,,,,,,,,,,
,,,,,DELTA_D,"equals: (ratio of hydrogen isotopes h2/h1 in the sample divided by ratio of h2/h1 in reference material ) minus 1, multiplied by 1000",,,,,,,,,,,,,,
,,,,,DELTA_Fe56,"equals: (ratio of iron isotopes fe56/fe54 in the sample divided by ratio of fe56/fe54 of irmm-014) minus 1, multiplied by 1000",,,,,,,,,,,,,,
,,,,,DELTA_Fe57,"equals: (ratio of iron isotopes fe57/fe54 in the sample divided by ratio of fe57/fe54 of irmm-014) minus 1, multiplied by 1000",,,,,,,,,,,,,,
,,,,,DELTA_Li6,"equals: (ratio of lithium isotopes li6/li7 in the sample divided by ratio of li6/li7 of the standard) minus 1, multiplied by 1000",,,,,,,,,,,,,,
,,,,,DELTA_Li7,"equals: (ratio of lithium isotopes li7/li6 in the sample divided by ratio of li7/li6 of the standard) minus 1, multiplied by 1000",,,,,,,,,,,,,,
,,,,,DELTA_Mg25,"equals: (ratio of magnesium isotopes mg25/mg24 in the sample divided by ratio of mg25/mg24 in the reference material) minus 1, multiplied by 1000",,,,,,,,,,,,,,
,,,,,DELTA_Mg26,"equals: (ratio of magnesium isotopes mg26/mg24 in the sample divided by ratio of mg26/mg24 in the reference material) minus 1, multiplied by 1000",,,,,,,,,,,,,,
,,,,,DELTA_N15,"equals: (ratio of nitrogen isotopes n15/n14 in the sample divided by ratio of n15/n14 in the reference material) minus 1, multiplied by 1000",,,,,,,,,,,,,,
,,,,,DELTA_O18,"equals: (ratio of oxygen isotopes o18/o16 in the sample divided by ratio of o18/o16 of the standard) minus 1, multiplied by 1000",,,,,,,,,,,,,,
,,,,,DELTA_S33,"equals: (ratio of sulfur isotopes s33/s32 in the sample divided by ratio of s33/s32 in the reference material) minus 1, multiplied by 1000",,,,,,,,,,,,,,
,,,,,DELTA_S34,"equals: (ratio of sulphur isotopes s34/s32 in the sample divided by ratio of s34/s32 in reference material ) minus 1, multiplied by 1000",,,,,,,,,,,,,,
,,,,,DELTA_S34SO4,"sulfur isotope of  the sulfate.  equals: (ratio of sulphur isotopes s34/s32 in the sample divided by ratio of s34/s32 in reference material ) minus 1, multiplied by 1000",,,,,,,,,,,,,,
,,,,,DELTA_U234,"equals: (ratio of uranium isotopes u234/u238 in the sample divided by ratio of u234/u238 in the secular equilibrium) minus 1, multiplied by 1000",,,,,,,,,,,,,,
,,,,,DELTA_Zn66,"equals :(ratio of 66zn to 64zn sample) divided by (ratio of 66zn std to 64zn std) minus 1, multplied by 1000 ",,,,,,,,,,,,,,
,,,,,DI,diopside,,,,,,,,,,,,,,
,,,,,DIA,diamond,,,,,,,,,,,,,,
,,,,,DIC,dissolved inorganic carbon,,,,,,,,,,,,,,
,,,,,DOL,dolomite,,,,,,,,,,,,,,
,,,,,Dy,dysprosium,,,,,,,,,,,,,,
,,,,,Dy2O3,dysprosium oxide,,,,,,,,,,,,,,
,,,,,E_Cd,epsilon 114/110cadmium,,,,,,,,,,,,,,
,,,,,E_Ce,epsilon ce = [(138ce/142ce)sample/(138ce/142ce)chur - 1]x10e4,,,,,,,,,,,,,,
,,,,,E_Hf,epsilon hf = [(176hf/177hf)sample/(176hf/177hf)chur - 1]x10e4,,,,,,,,,,,,,,
,,,,,E_Hf(T),"epsilon hf = [(176hf/177hf)sample/(176hf/177hf)chur - 1]x10e4, time corrected",,,,,,,,,,,,,,
,,,,,E_Nd,epsilon nd = [(nd143/nd144)sample/(nd143/nd144)reference - 1]x10e4,,,,,,,,,,,,,,
,,,,,E_Nd(JUV),"epsilon nd(juv) = [(nd143/nd144)sample/(nd143/nd144)juv - 1]x10e4, where juv is juvinas achondrite",,,,,,,,,,,,,,
,,,,,E_Nd(T),"epsilon nd = [(nd143/nd144)sample/(nd143/nd144)reference - 1]x10e4, time corrected",,,,,,,,,,,,,,
,,,,,E_Sr,epsilon sr= [(sr87/sr86)sample/(sr87/sr86)reference - 1]x10e4,,,,,,,,,,,,,,
,,,,,E_Sr(T),"epsilon sr= [(sr87/sr86)sample/(sr87/sr86)reference - 1]x10e4, time corrected",,,,,,,,,,,,,,
,,,,,E_Tl205,epsilon thallium isotope 205,,,,,,,,,,,,,,
,,,,,EDE,edenite,,,,,,,,,,,,,,
,,,,,ED-HORN,edenitic hornblende,,,,,,,,,,,,,,
,,,,,EN,enstatite,,,,,,,,,,,,,,
,,,,,EP,epidote,,,,,,,,,,,,,,
,,,,,Er,erbium,,,,,,,,,,,,,,
,,,,,Eu,europium,,,,,,,,,,,,,,
,,,,,F,fluorine,,,,,,,,,,,,,,
,,,,,FA,fayalite,,,,,,,,,,,,,,
,,,,,Fe,iron,,,,,,,,,,,,,,
,,,,,Fe2O3,ferric iron oxide (tri-valent iron),,,,,,,,,,,,,,
,,,,,Fe2O3T,total iron oxide content reported as ferric (tri-valent) iron,,,,,,,,,,,,,,
,,,,,Fe3_SUMFe,ratio of fe3+ to total fe,,,,,,,,,,,,,,
,,,,,Fe3O4,,,,,,,,,,,,,,,
,,,,,Fe3P_FeT,feric iron total iron ratio,,,,,,,,,,,,,,
,,,,,FeCO3,siderite,,,,,,,,,,,,,,
,,,,,Fe-Fe,iron ferrite = fefe2o4,,,,,,,,,,,,,,
,,,,,FeO,ferrous iron oxide (di-valent),,,,,,,,,,,,,,
,,,,,FE-ORE,iron ore,,,,,,,,,,,,,,
,,,,,FeOT,total iron oxide content reported as ferrous (di-valent) iron,,,,,,,,,,,,,,
,,,,,FE-OX,fe-oxide,,,,,,,,,,,,,,
,,,,,FeS2,iron sulfide,,,,,,,,,,,,,,
,,,,,FETI-OX,iron titanium oxide,,,,,,,,,,,,,,
,,,,,FO,forsterite,,,,,,,,,,,,,,
,,,,,FORMATE,formate,,,,,,,,,,,,,,
,,,,,FPER,ferropericlase,,,,,,,,,,,,,,
,,,,,FS,ferrosilite,,,,,,,,,,,,,,
,,,,,FSP,feldspar,,,,,,,,,,,,,,
,,,,,G_Os,gamma osmium,,,,,,,,,,,,,,
,,,,,G_Os(T),"gamma osmium, time corrected",,,,,,,,,,,,,,
,,,,,Ga,gallium,,,,,,,,,,,,,,
,,,,,GAL,galaxite = mnal2o4,,,,,,,,,,,,,,
,,,,,GAR,garnet,,,,,,,,,,,,,,
,,,,,Gd,gadolinium,,,,,,,,,,,,,,
,,,,,Gd2O3,gadolinium oxide,,,,,,,,,,,,,,
,,,,,Ge,germanium,,,,,,,,,,,,,,
,,,,,GKL,geikilite,,,,,,,,,,,,,,
,,,,,GL,glass,,,,,,,,,,,,,,
,,,,,GM,groundmass,,,,,,,,,,,,,,
,,,,,GM-GL,glassy groundmass,,,,,,,,,,,,,,
,,,,,GOLD,gold,,,,,,,,,,,,,,
,,,,,GONN,gonnardite,,,,,,,,,,,,,,
,,,,,GPH,graphite,,,,,,,,,,,,,,
,,,,,GRAPH,graphite,,,,,,,,,,,,,,
,,,,,GROS,grossular,,,,,,,,,,,,,,
,,,,,H,hydrogen,,,,,,,,,,,,,,
,,,,,H(TOT),total hydrogen,,,,,,,,,,,,,,
,,,,,H2,hydrogen,,,,,,,,,,,,,,
,,,,,H2O,water,,,,,,,,,,,,,,
,,,,,H2OM,crystal water (h2o-),,,,,,,,,,,,,,
,,,,,H2OP,crystal water (h2o+),,,,,,,,,,,,,,
,,,,,H2S,hydrogen sulfide,,,,,,,,,,,,,,
,,,,,H2S(TOT),total sulfide,,,,,,,,,,,,,,
,,,,,H4SiO4,silicic acid,,,,,,,,,,,,,,
,,,,,HALITE,halite,,,,,,,,,,,,,,
,,,,,HAUS,hausmannite,,,,,,,,,,,,,,
,,,,,HAUY,hauyne,,,,,,,,,,,,,,
,,,,,HCO3,bicarbonate,,,,,,,,,,,,,,
,,,,,HCY,hercynite,,,,,,,,,,,,,,
,,,,,He,helium,,,,,,,,,,,,,,
,,,,,He3,helium isotope he3,,,,,,,,,,,,,,
,,,,,He3_He4,ratio of helium isotopes he3 to he4,,,,,,,,,,,,,,
,,,,,He3_He4(R/Ra),ratio of helium isotopes he3 to he4 expressed relative to the helium isotope ratio of the atmosphere,,,,,,,,,,,,,,
,,,,,He4,helium isotope he4,,,,,,,,,,,,,,
,,,,,He4(NCC),helium isotope he4 measured by neutron coincidence counting,,,,,,,,,,,,,,
,,,,,He4_Ar40,ratio of helium isotope he4 to argon isotope ar40,,,,,,,,,,,,,,
,,,,,He4_He3,ratio of helium isotopes he4 to he3,,,,,,,,,,,,,,
,,,,,He4_Ne20,ratio of helium isotope he4 to neon isotope ne20,,,,,,,,,,,,,,
,,,,,He4_Ne21,ratio of helium isotope he4 to neon isotope ne21,,,,,,,,,,,,,,
,,,,,HEDN,hedenbergite,,,,,,,,,,,,,,
,,,,,HEM,hematite,,,,,,,,,,,,,,
,,,,,HERC,hercynite,,,,,,,,,,,,,,
,,,,,HEU,heulandite,,,,,,,,,,,,,,
,,,,,Hf,hafnium,,,,,,,,,,,,,,
,,,,,Hf176_Hf177,ratio of hafnium isotopes hf176 to hf177,,,,,,,,,,,,,,
,,,,,Hf176_Hf177(I),ratio of hafnium isotopes hf176 to hf177 at initial time,,,,,,,,,,,,,,
,,,,,Hf176_Hf177(T),"ratio of hafnium isotopes hf176 to hf177, time corrected",,,,,,,,,,,,,,
,,,,,Hf177_Hf178,ratio of hafnium isotopes hf177 to hf178,,,,,,,,,,,,,,
,,,,,Hf178_Hf177,ratio of hafnium isotopes hf178 to hf177 ,,,,,,,,,,,,,,
,,,,,Hf179_Hf177,ratio of hafnium isotopes hf179 to hf177,,,,,,,,,,,,,,
,,,,,Hf180_Hf177,ratio of hafnium isotopes hf180 to hf177,,,,,,,,,,,,,,
,,,,,HfO2,hafnium oxide,,,,,,,,,,,,,,
,,,,,Hg,mercury,,,,,,,,,,,,,,
,,,,,HGAR,hydrogarnet,,,,,,,,,,,,,,
,,,,,Ho,holmium,,,,,,,,,,,,,,
,,,,,HORN,hornblende,,,,,,,,,,,,,,
,,,,,HSCHL,hydroschorlomite,,,,,,,,,,,,,,
,,,,,HYGR,hydrogrossular,,,,,,,,,,,,,,
,,,,,I,iodine,,,,,,,,,,,,,,
,,,,,IDD,iddingsite,,,,,,,,,,,,,,
,,,,,ILL,illite,,,,,,,,,,,,,,
,,,,,ILM,ilmenite,,,,,,,,,,,,,,
,,,,,In,indium,,,,,,,,,,,,,,
,,,,,INT,interstitial,,,,,,,,,,,,,,
,,,,,IO,included in olivine,,,,,,,,,,,,,,
,,,,,Ir,iridium,,,,,,,,,,,,,,
,,,,,JAC,jacobsite,,,,,,,,,,,,,,
,,,,,JD,jadeite,,,,,,,,,,,,,,
,,,,,K,potassium,,,,,,,,,,,,,,
,,,,,K2O,potassium oxide,,,,,,,,,,,,,,
,,,,,KAER,kaersutite,,,,,,,,,,,,,,
,,,,,KAOLINITE,kaolinite,,,,,,,,,,,,,,
,,,,,KELY,kelyphite,,,,,,,,,,,,,,
,,,,,KF,potassium feldspar,,,,,,,,,,,,,,
,,,,,Kr,krypton,,,,,,,,,,,,,,
,,,,,Kr78,krypton isotope kr78,,,,,,,,,,,,,,
,,,,,Kr78_Kr84,ratio of krypton isotopes kr78 to kr84,,,,,,,,,,,,,,
,,,,,Kr80,krypton isotope kr80,,,,,,,,,,,,,,
,,,,,Kr80_Kr84,ratio of krypton isotopes kr80 to kr84,,,,,,,,,,,,,,
,,,,,Kr82,krypton isotope kr82,,,,,,,,,,,,,,
,,,,,Kr82_Kr84,ratio of krypton isotopes kr82 to kr84,,,,,,,,,,,,,,
,,,,,Kr83,krypton isotope kr83,,,,,,,,,,,,,,
,,,,,Kr83_Kr84,ratio of krypton isotopes kr83 to kr84,,,,,,,,,,,,,,
,,,,,Kr84,krypton isotope kr84,,,,,,,,,,,,,,
,,,,,Kr86,krypton isotope kr86,,,,,,,,,,,,,,
,,,,,Kr86_Kr84,ratio of krypton isotopes kr86 to kr84,,,,,,,,,,,,,,
,,,,,Kr90,krypton isotope kr90,,,,,,,,,,,,,,
,,,,,KS,kalsilite,,,,,,,,,,,,,,
,,,,,KY,kyanite,,,,,,,,,,,,,,
,,,,,La,lanthanum,,,,,,,,,,,,,,
,,,,,La2O3,lanthanum oxide,,,,,,,,,,,,,,
,,,,,LAU,laumonite,,,,,,,,,,,,,,
,,,,,LAW,lawsonite,,,,,,,,,,,,,,
,,,,,LEU,leucite,,,,,,,,,,,,,,
,,,,,LHER,"lherzolite
",,,,,,,,,,,,,,
,,,,,Li,lithium,,,,,,,,,,,,,,
,,,,,Li7_Li6,ratio of litium isotopes li7 toli6 ,,,,,,,,,,,,,,
,,,,,LOI,loss on ignition,,,,,,,,,,,,,,
,,,,,Lu,lutetium,,,,,,,,,,,,,,
,,,,,Lu176_Hf177,ratio of lutetium isotope lu176 to hafnium isotope hf177,,,,,,,,,,,,,,
,,,,,Lu176_Hf177(T),"ratio of lutetium isotope lu176 to hafnium isotope hf177, time corrected",,,,,,,,,,,,,,
,,,,,Lu176_Lu177,ratio of lutetium isotopes lu176 to lu177,,,,,,,,,,,,,,
,,,,,LW,lawsonite,,,,,,,,,,,,,,
,,,,,MAF,mafic minerals,,,,,,,,,,,,,,
,,,,,MARC,marcasite,,,,,,,,,,,,,,
,,,,,Mg,magnesium,,,,,,,,,,,,,,
,,,,,Mg_Ca,ratio of magnesium to calcium,,,,,,,,,,,,,,
,,,,,MgCO3,magnesium carbonate,,,,,,,,,,,,,,
,,,,,MGCR,magnesiochromite,,,,,,,,,,,,,,
,,,,,MGF,mg-ferrite,,,,,,,,,,,,,,
,,,,,MGH,maghemite,,,,,,,,,,,,,,
,,,,,MgO,magnesium oxide,,,,,,,,,,,,,,
,,,,,MICA,mica,,,,,,,,,,,,,,
,,,,,MIL,millerite,,,,,,,,,,,,,,
,,,,,Mn,manganese,,,,,,,,,,,,,,
,,,,,Mn_Ca,ratio of manganese to calcium,,,,,,,,,,,,,,
,,,,,Mn3O4,manganese tetroxide,,,,,,,,,,,,,,
,,,,,MnCO3,manganese carbonate,,,,,,,,,,,,,,
,,,,,MNCR,manganese chromite,,,,,,,,,,,,,,
,,,,,MnO,manganese oxide,,,,,,,,,,,,,,
,,,,,Mn-OL,manganese olivine,,,,,,,,,,,,,,
,,,,,MNZ,monazite,,,,,,,,,,,,,,
,,,,,Mo,molybdenum,,,,,,,,,,,,,,
,,,,,MONT,montmorillonite,,,,,,,,,,,,,,
,,,,,MS,matnesite,,,,,,,,,,,,,,
,,,,,MT,magnetite,,,,,,,,,,,,,,
,,,,,MULL,mullite,,,,,,,,,,,,,,
,,,,,MUS,muscovite,,,,,,,,,,,,,,
,,,,,MYR,myrmekite,,,,,,,,,,,,,,
,,,,,N,nitrogen,,,,,,,,,,,,,,
,,,,,N(A),percent nitrogen in the a defect site of diamonds,,,,,,,,,,,,,,
,,,,,N(B),percent nitrogen in the b defect site of diamonds,,,,,,,,,,,,,,
,,,,,N(ORG),organic nitrogen,,,,,,,,,,,,,,
,,,,,N(TOT),total nitrogen,,,,,,,,,,,,,,
,,,,,N2,nitrogen,,,,,,,,,,,,,,
,,,,,N2[nmol],nitrogen measured in nanomols,,,,,,,,,,,,,,
,,,,,N2_Ar36,ratio of nitrogen isotope n2 to argon isotope ar36,,,,,,,,,,,,,,
,,,,,N2_He3,ratio of nitrogen isotope n2 to helium isotope he3,,,,,,,,,,,,,,
,,,,,Na,sodium,,,,,,,,,,,,,,
,,,,,Na2O,sodium oxide,,,,,,,,,,,,,,
,,,,,NAC,clinopyroxene end-member nacr (si2o6),,,,,,,,,,,,,,
,,,,,NATR,natrolite,,,,,,,,,,,,,,
,,,,,Nb,niobium,,,,,,,,,,,,,,
,,,,,Nb2O3,niobium oxide,,,,,,,,,,,,,,
,,,,,Nb2O5,niobium pentoxide,,,,,,,,,,,,,,
,,,,,NCU,native copper,,,,,,,,,,,,,,
,,,,,Nd,neodymium,,,,,,,,,,,,,,
,,,,,Nd_Ca,ratio of neodymium to calcium,,,,,,,,,,,,,,
,,,,,Nd142_Nd144,ratio of neodymium isotopes nd142 to nd144,,,,,,,,,,,,,,
,,,,,Nd143_Nd144,ratio of neodymium isotopes nd143 to nd144,,,,,,,,,,,,,,
,,,,,Nd143_Nd144(I),ratio of neodymium isotopes nd143 to nd144 at initial age,,,,,,,,,,,,,,
,,,,,Nd143_Nd144(T),"ratio of neodymium isotopes nd143 to nd144, time corrected",,,,,,,,,,,,,,
,,,,,Nd144_Nd146,ratio of neodymium isotopes nd144 to nd146,,,,,,,,,,,,,,
,,,,,Nd145_Nd144,ratio of neodymium isotopes nd145 to nd144,,,,,,,,,,,,,,
,,,,,Nd146_Nd142,ratio of neodymium isotopes nd146 to nd142,,,,,,,,,,,,,,
,,,,,Nd146_Nd144,ratio of neodymium isotopes nd146 to nd144,,,,,,,,,,,,,,
,,,,,Nd146_Nd145,ratio of neodymium isotopes nd146 to nd145,,,,,,,,,,,,,,
,,,,,Nd148_Nd144,ratio of neodymium isotopes nd148 to nd144,,,,,,,,,,,,,,
,,,,,Nd148O_Nd144O,ratio of neodymium nd148 oxide to neodymium nd144 oxide,,,,,,,,,,,,,,
,,,,,Nd150_Nd144,ratio of neodymium isotopes nd150 to nd144 ,,,,,,,,,,,,,,
,,,,,Nd2O3,neodymium oxide,,,,,,,,,,,,,,
,,,,,Ne,neon,,,,,,,,,,,,,,
,,,,,Ne20,neon isotope ne20,,,,,,,,,,,,,,
,,,,,Ne20_Ne22,ratio of neon isotope ne20 to ne22,,,,,,,,,,,,,,
,,,,,Ne21,neon isotope ne21,,,,,,,,,,,,,,
,,,,,Ne21_He4,ratio of neon isotope ne21 to helium isotope he4,,,,,,,,,,,,,,
,,,,,Ne21_Ne20,ratio of neon isotope ne21 to ne20,,,,,,,,,,,,,,
,,,,,Ne21_Ne22,ratio of neon isotope ne21 to ne22,,,,,,,,,,,,,,
,,,,,Ne22,neon isotope ne22,,,,,,,,,,,,,,
,,,,,Ne22_Ne20,ratio of neon isotope ne22 to ne20,,,,,,,,,,,,,,
,,,,,Ne23,neon isotope ne23,,,,,,,,,,,,,,
,,,,,NH3,ammonia,,,,,,,,,,,,,,
,,,,,NH4,ammonium,,,,,,,,,,,,,,
,,,,,Ni,nickel,,,,,,,,,,,,,,
,,,,,NiO,nickel oxide,,,,,,,,,,,,,,
,,,,,NN,unknown,,,,,,,,,,,,,,
,,,,,NO2,nitrite,,,,,,,,,,,,,,
,,,,,NO3,nitrate,,,,,,,,,,,,,,
,,,,,O,oxygen,,,,,,,,,,,,,,
,,,,,O2,dioxygen,,,,,,,,,,,,,,
,,,,,OH,hydroxide,,,,,,,,,,,,,,
,,,,,OL,olivine,,,,,,,,,,,,,,
,,,,,OL(R),ol(r),,,,,,,,,,,,,,
,,,,,OLIG,oligoclase,,,,,,,,,,,,,,
,,,,,OLPS,olivine pseudomorph,,,,,,,,,,,,,,
,,,,,OLXC,olivine xenocryst,,,,,,,,,,,,,,
,,,,,OMPH,omphacite,,,,,,,,,,,,,,
,,,,,OPAL,opal,,,,,,,,,,,,,,
,,,,,OPAQ,opaque mineral,,,,,,,,,,,,,,
,,,,,OPQ,opaque mineral,,,,,,,,,,,,,,
,,,,,OPX,orthopyroxene,,,,,,,,,,,,,,
,,,,,OR,orthoclase,,,,,,,,,,,,,,
,,,,,ORE,ore,,,,,,,,,,,,,,
,,,,,Os,osmium,,,,,,,,,,,,,,
,,,,,Os(I),common osmium at initial age,,,,,,,,,,,,,,
,,,,,Os184_Os188,ratio of osmium isotopes os184 to os188,,,,,,,,,,,,,,
,,,,,Os186_Os188,ratio of osmium isotopes os186 to os188,,,,,,,,,,,,,,
,,,,,Os187_Os186,ratio of osmium isotopes os187 to os186,,,,,,,,,,,,,,
,,,,,Os187_Os188,ratio of osmium isotopes os187 to os188,,,,,,,,,,,,,,
,,,,,Os187_Os188(I),ratio of osmium isotopes os187 to os188 at initial age,,,,,,,,,,,,,,
,,,,,Os187_Os188(T),"ratio of osmium isotopes os187 to os188, time corrected",,,,,,,,,,,,,,
,,,,,Os188,osmium isotope os188,,,,,,,,,,,,,,
,,,,,Os188_Os192,ratio of osmium isotopes os188 to os192,,,,,,,,,,,,,,
,,,,,Os189_Os188,ratio of osmium isotopes os189 to os188,,,,,,,,,,,,,,
,,,,,Os190_Os188,ratio of osmium isotopes os190 to os188,,,,,,,,,,,,,,
,,,,,Os192_Os188,ratio of osmium isotopes os192 to os188,,,,,,,,,,,,,,
,,,,,OX,oxide,,,,,,,,,,,,,,
,,,,,OX-CEL,oxyhydroxide-celadonite,,,,,,,,,,,,,,
,,,,,OX-PHYLL,oxyhydroxide-phyllosilicate,,,,,,,,,,,,,,
,,,,,P,phosphorus,,,,,,,,,,,,,,
,,,,,P(ORG),"phosphorous, organic",,,,,,,,,,,,,,
,,,,,P2O5,phosphorus oxide,,,,,,,,,,,,,,
,,,,,Pa,protactinium,,,,,,,,,,,,,,
,,,,,Pa231,protactinium isotope pa231,,,,,,,,,,,,,,
,,,,,Pa231_ACTIVITY,"protactinium isotope pa231, reported as activity",,,,,,,,,,,,,,
,,,,,Pa231_Th230,ratio of protactinium 231 to thorium 230,,,,,,,,,,,,,,
,,,,,Pa231_U235_ACTIVITY,"ratio of protactinium isotope pa231 to uranium isotope u235, reported as activity",,,,,,,,,,,,,,
,,,,,Pa231_XS,excess protactinium 231,,,,,,,,,,,,,,
,,,,,PAL,palagonite,,,,,,,,,,,,,,
,,,,,PARA,paragonite,,,,,,,,,,,,,,
,,,,,PARG,pargasite,,,,,,,,,,,,,,
,,,,,Pb,lead,,,,,,,,,,,,,,
,,,,,Pb204,lead isotope pb204,,,,,,,,,,,,,,
,,,,,Pb204_Pb206,ratio of lead isotopes pb204 to pb206,,,,,,,,,,,,,,
,,,,,Pb206,lead isotope 206,,,,,,,,,,,,,,
,,,,,Pb206_Pb204,ratio of lead isotopes pb206 to pb204,,,,,,,,,,,,,,
,,,,,Pb206_Pb204(I),ratio of lead isotopes pb206 to pb204 at initial age,,,,,,,,,,,,,,
,,,,,Pb206_Pb204(T),"ratio of lead isotopes pb206 to pb204, time corrected",,,,,,,,,,,,,,
,,,,,Pb206_Pb207,ratio of lead isotopes pb206 to pb207,,,,,,,,,,,,,,
,,,,,Pb206_Pb208,ratio of lead isotopes pb206 to pb208,,,,,,,,,,,,,,
,,,,,Pb206_U235,ratio of lead isotope pb206 to uranium isotope u235,,,,,,,,,,,,,,
,,,,,Pb206_U238,ratio of lead isotope pb206 to uranium isotope u238,,,,,,,,,,,,,,
,,,,,Pb207_Pb204,ratio of lead isotopes pb207 to pb204,,,,,,,,,,,,,,
,,,,,Pb207_Pb204(I),initial pb207_pb204 ratio (age-corrected),,,,,,,,,,,,,,
,,,,,Pb207_Pb204(T),"ratio of lead isotopes pb207 to pb204, time corrected",,,,,,,,,,,,,,
,,,,,Pb207_Pb206,ratio of lead isotopes pb207 to pb206,,,,,,,,,,,,,,
,,,,,Pb207_Pb206(I),ratio of lead isotopes pb207 to pb206 at initial age,,,,,,,,,,,,,,
,,,,,Pb207_U235,ratio of lead isotope pb207 to uranium isotope u235,,,,,,,,,,,,,,
,,,,,Pb208_Pb204,ratio of lead isotopes pb208 to pb204,,,,,,,,,,,,,,
,,,,,Pb208_Pb204(I),ratio of lead isotopes pb208 to pb204 at initial age,,,,,,,,,,,,,,
,,,,,Pb208_Pb204(T),"ratio of lead isotopes pb208 to pb204, time corrected",,,,,,,,,,,,,,
,,,,,Pb208_Pb206,ratio of lead isotopes pb208 to pb206,,,,,,,,,,,,,,
,,,,,Pb208_Pb206(I),ratio of lead isotopes pb208 to pb206 at initial age,,,,,,,,,,,,,,
,,,,,Pb208_Th232,ratio of lead isotope pb208 to thorium isotope th232,,,,,,,,,,,,,,
,,,,,Pb210,lead isotope pb210,,,,,,,,,,,,,,
,,,,,Pb210_ACTIVITY,"lead isotope pb210, reported as activity",,,,,,,,,,,,,,
,,,,,Pb210_Ra226,ratio of lead isotope pb210 to radium isotope ra226,,,,,,,,,,,,,,
,,,,,Pb210_U238,ratio of lead isotope pb210 to uranium isotope u238,,,,,,,,,,,,,,
,,,,,Pb210_XS,excess lead 210,,,,,,,,,,,,,,
,,,,,Pd,palladium,,,,,,,,,,,,,,
,,,,,PECT,pectolite,,,,,,,,,,,,,,
,,,,,PENT,pentlandite,,,,,,,,,,,,,,
,,,,,PEROV,perovskite,,,,,,,,,,,,,,
,,,,,PGN,pigeonite,,,,,,,,,,,,,,
,,,,,pH,pH,,,,,,,,,,,,,,
,,,,,PHEN,phengite,,,,,,,,,,,,,,
,,,,,PHIL,philippsite,,,,,,,,,,,,,,
,,,,,PHLOG,phlogopite,,,,,,,,,,,,,,
,,,,,PHYLL,phyllosilicate,,,,,,,,,,,,,,
,,,,,PI,physical item,,,,,,,,,,,,,,
,,,,,PLAG,plagioclase,,,,,,,,,,,,,,
,,,,,PLEO,pleonaste,,,,,,,,,,,,,,
,,,,,PL-XC,plagioclase xenocryst,,,,,,,,,,,,,,
,,,,,Po210,polonium isotope Po210,,,,,,,,,,,,,,
,,,,,Po210_ACTIVITY,"polonium isotope po210, reported as activity",,,,,,,,,,,,,,
,,,,,Po210_Pb210,ratio of polonium isotope 210 to lead isotope 210,,,,,,,,,,,,,,
,,,,,PO4,phosphate,,,,,,,,,,,,,,
,,,,,Pr,praseodymium,,,,,,,,,,,,,,
,,,,,PREH,prehnite,,,,,,,,,,,,,,
,,,,,PRESS,pressure,,,,,,,,,,,,,,
,,,,,PSB,pseudobrookite,,,,,,,,,,,,,,
,,,,,Pt,platinum,,,,,,,,,,,,,,
,,,,,Pt190_Os188,ratio of platinum isotope pt190 to osmium isotope os188,,,,,,,,,,,,,,
,,,,,PUMP,pumpellyite,,,,,,,,,,,,,,
,,,,,PX,pyroxene (not classified),,,,,,,,,,,,,,
,,,,,PY,pyrite,,,,,,,,,,,,,,
,,,,,PYPH,pyrophanite,,,,,,,,,,,,,,
,,,,,PYR,pyrope,,,,,,,,,,,,,,
,,,,,PYRH,pyrrhotite,,,,,,,,,,,,,,
,,,,,PYRPH,pyrophyllite,,,,,,,,,,,,,,
,,,,,QUARTZ,quartz,,,,,,,,,,,,,,
,,,,,QZ,quartz,,,,,,,,,,,,,,
,,,,,r2 ," the correlation coefficient used to calculate the best-fit line through ambient seawater and the concentration of a given chemical species measured in the samples, plotted against Mg",,,,,,,,,,,,,,
,,,,,Ra,radium,,,,,,,,,,,,,,
,,,,,Ra226,radium isotope ra226,,,,,,,,,,,,,,
,,,,,Ra226_ACTIVITY,"radium 226, reported as activity",,,,,,,,,,,,,,
,,,,,Ra226_Th230,ratio of radium isotope 226 to thorium isotope 230,,,,,,,,,,,,,,
,,,,,Ra226_Th230_ACTIVITY,"ratio of radium isotope 226 to thorium isotope 230, reported as activity",,,,,,,,,,,,,,
,,,,,Rb,rubidium,,,,,,,,,,,,,,
,,,,,Rb87_Sr86,ratio of rubidium isotope rb87 to strontium isotope sr86,,,,,,,,,,,,,,
,,,,,Re,rhenium,,,,,,,,,,,,,,
,,,,,Re187_Os186,ratio of rhenium isotope re187 to osmium isotope os186,,,,,,,,,,,,,,
,,,,,Re187_Os188,ratio of rhenium isotope re187 to osmium isotope os188,,,,,,,,,,,,,,
,,,,,Rh,rhodium,,,,,,,,,,,,,,
,,,,,RHO,rhonite,,,,,,,,,,,,,,
,,,,,Ru,ruthenium,,,,,,,,,,,,,,
,,,,,RUT,rutile,,,,,,,,,,,,,,
,,,,,S,sulfur,,,,,,,,,,,,,,
,,,,,S(TOT),total sulfur,,,,,,,,,,,,,,
,,,,,S_(SLFI),sulfur present as sulfide,,,,,,,,,,,,,,
,,,,,S_PY,sulfur present in pyrite form,,,,,,,,,,,,,,
,,,,,SAL,salinity,,,,,,,,,,,,,,
,,,,,SAP,saponite,,,,,,,,,,,,,,
,,,,,SAP-FE-OX,saponite-iron-oxide,,,,,,,,,,,,,,
,,,,,SAP-GA,saponite-glauconite,,,,,,,,,,,,,,
,,,,,Sb,antimony,,,,,,,,,,,,,,
,,,,,Sc,scandium,,,,,,,,,,,,,,
,,,,,Sc2O3,scandium oxide,,,,,,,,,,,,,,
,,,,,SCAP,scapolite,,,,,,,,,,,,,,
,,,,,Se,selenium,,,,,,,,,,,,,,
,,,,,SERP,serpentine,,,,,,,,,,,,,,
,,,,,Si,silica,,,,,,,,,,,,,,
,,,,,Si(AMORPH),amorphous silica,,,,,,,,,,,,,,
,,,,,SID,sideromelane,,,,,,,,,,,,,,
,,,,,SIL,silicate,,,,,,,,,,,,,,
,,,,,SILM,sillimanite,,,,,,,,,,,,,,
,,,,,SiO2,silica oxide,,,,,,,,,,,,,,
,,,,,SIOH,"sio2, high pressure",,,,,,,,,,,,,,
,,,,,SLFA,sulfate,,,,,,,,,,,,,,
,,,,,SLFI,sulfide,,,,,,,,,,,,,,
,,,,,Sm,samarium,,,,,,,,,,,,,,
,,,,,Sm147_Nd143,ratio of samarium isotope sm147 to neodymium isotope nd143,,,,,,,,,,,,,,
,,,,,Sm147_Nd144,ration of samarium isotope sm147 to neodymium isotope nd144,,,,,,,,,,,,,,
,,,,,Sm147_Nd146,ratio of samarium to neodymium isotopes sm147 to nd146,,,,,,,,,,,,,,
,,,,,Sm2O3,samarium oxide,,,,,,,,,,,,,,
,,,,,SMEC,smectite,,,,,,,,,,,,,,
,,,,,SMEC-CEL,smectite-celadonite,,,,,,,,,,,,,,
,,,,,Sn,tin,,,,,,,,,,,,,,
,,,,,SND,sanidine,,,,,,,,,,,,,,
,,,,,SO2,sulfur dioxide,,,,,,,,,,,,,,
,,,,,SO3,sulfur trioxide,,,,,,,,,,,,,,
,,,,,SO4,sulfate,,,,,,,,,,,,,,
,,,,,SODA,sodalite,,,,,,,,,,,,,,
,,,,,SP,spinel,,,,,,,,,,,,,,
,,,,,SPES,spessartine,,,,,,,,,,,,,,
,,,,,SPH,sphene,,,,,,,,,,,,,,
,,,,,SPHL,sphalerite,,,,,,,,,,,,,,
,,,,,Sr,strontium,,,,,,,,,,,,,,
,,,,,Sr_Ca,ratio of sr to ca,,,,,,,,,,,,,,
,,,,,Sr84_Sr86,ratio of strontium isotopes sr84 to sr86,,,,,,,,,,,,,,
,,,,,Sr84_Sr88,ratio of strontium isotopes sr84 to sr88,,,,,,,,,,,,,,
,,,,,Sr86_Sr88,ratio of strontium isotopes sr86 to sr88,,,,,,,,,,,,,,
,,,,,Sr87_Sr86,ratio of strontium isotopes sr87 to sr86,,,,,,,,,,,,,,
,,,,,Sr87_Sr86(I),ratio of strontium isotopes sr87 to sr86 at initial age,,,,,,,,,,,,,,
,,,,,Sr87_Sr86(T),"ratio of strontium isotopes sr87 to sr86, time corrected",,,,,,,,,,,,,,
,,,,,Sr87_Sr88,ratio of strontium isotopes sr87 to sr88,,,,,,,,,,,,,,
,,,,,Sr88_Sr86,ratio of strontium isotopes sr88 to sr86,,,,,,,,,,,,,,
,,,,,SrO,strontium oxide,,,,,,,,,,,,,,
,,,,,SS,sheet silicate,,,,,,,,,,,,,,
,,,,,SYMP,symplectite,,,,,,,,,,,,,,
,,,,,SYMT,symthite,,,,,,,,,,,,,,
,,,,,Ta,tantalum,,,,,,,,,,,,,,
,,,,,Ta2O5,tantalum oxide,,,,,,,,,,,,,,
,,,,,TACH,tachylite,,,,,,,,,,,,,,
,,,,,TALC,talc,,,,,,,,,,,,,,
,,,,,Tb,terbium,,,,,,,,,,,,,,
,,,,,Te,tellurium,,,,,,,,,,,,,,
,,,,,TEMP,temperature,,,,,,,,,,,,,,
,,,,,Th,thorium,,,,,,,,,,,,,,
,,,,,Th227_ACTIVITY,th227 reported as activity,,,,,,,,,,,,,,
,,,,,Th228_Th232,ratio of thorium isotopes th228 to th232,,,,,,,,,,,,,,
,,,,,Th230,thorium isotope th230,,,,,,,,,,,,,,
,,,,,Th230_ACTIVITY,"thorium isotope th230, reported as activity",,,,,,,,,,,,,,
,,,,,Th230_Th232,ratio of thorium isotopes th230 to th232,,,,,,,,,,,,,,
,,,,,Th230_Th232_ACTIVITY,"ratio of thorium isotopes th230 to th232, reported as activity",,,,,,,,,,,,,,
,,,,,Th230_U238,ratio of thorium isotope th230 to uranium isotope u238,,,,,,,,,,,,,,
,,,,,Th230_U238_ACTIVITY,"ratio of thorium isotope th230 to uranium isotope u238, reported as activity",,,,,,,,,,,,,,
,,,,,Th230_XS,excess thorium 230,,,,,,,,,,,,,,
,,,,,Th232,thorium 232,,,,,,,,,,,,,,
,,,,,Th232_ACTIVITY,"thorium isotope th232, reported as activity",,,,,,,,,,,,,,
,,,,,Th232_Pb204,ratio of thorium isotope th232 to lead isotope pb204,,,,,,,,,,,,,,
,,,,,Th232_Th230,ratio of isotopes th232 to th230,,,,,,,,,,,,,,
,,,,,Th232_Th230 ACTIVITY,ratio of isotopes th232 to th230 measured as activity,,,,,,,,,,,,,,
,,,,,Th232_U238,ratio of thorium isotope th232 to uranium isotope u238,,,,,,,,,,,,,,
,,,,,Th234,thorium 234,,,,,,,,,,,,,,
,,,,,Th234_XS,thorium 234 excess,,,,,,,,,,,,,,
,,,,,Th238_Th232_ACTIVITY,"ratio of thorium isotopes th238 to th232, reported as activity",,,,,,,,,,,,,,
,,,,,ThO,thorium oxide,,,,,,,,,,,,,,
,,,,,ThO2,thorium oxide,,,,,,,,,,,,,,
,,,,,THOM,thomsonite,,,,,,,,,,,,,,
,,,,,Ti,titanium,,,,,,,,,,,,,,
,,,,,TIC,total inorganic carbon,,,,,,,,,,,,,,
,,,,,TI-MT,ti-magnetite,,,,,,,,,,,,,,
,,,,,TI-NB,titanoniobate,,,,,,,,,,,,,,
,,,,,TiO2,titanium oxide,,,,,,,,,,,,,,
,,,,,Tl,thallium,,,,,,,,,,,,,,
,,,,,Tl205_Tl203,ratio of thallium isotopes tl205 to tl203,,,,,,,,,,,,,,
,,,,,Tm,thulium,,,,,,,,,,,,,,
,,,,,TOC,total organic carbon,,,,,,,,,,,,,,
,,,,,TREM,tremolite,,,,,,,,,,,,,,
,,,,,TREV,trevorite,,,,,,,,,,,,,,
,,,,,TRI,tridymite,,,,,,,,,,,,,,
,,,,,TRO,troilite,,,,,,,,,,,,,,
,,,,,U,uranium,,,,,,,,,,,,,,
,,,,,U234,uranium 234,,,,,,,,,,,,,,
,,,,,U234_ACTIVITY,"uranium isotope u234, reported as activity",,,,,,,,,,,,,,
,,,,,U234_U238,ratio of uranium isotopes u234 to u238,,,,,,,,,,,,,,
,,,,,U234_U238 ACTIVITY,ratio of isotopes u234 to u235 measured as activity,,,,,,,,,,,,,,
,,,,,U234_U238 ACTIVITY(T),uranium 234 to uranium 238 measured as activity at time t,,,,,,,,,,,,,,
,,,,,U234_U238_ACTIVITY,"ratio of uranium isotopes u234 to u238, reported as activity",,,,,,,,,,,,,,
,,,,,U235_Pb204,ratio of uranium isotope u235 to lead isotope pb204,,,,,,,,,,,,,,
,,,,,U235_U234,ratio of isotopes u235 to u234,,,,,,,,,,,,,,
,,,,,U238,uranium 238,,,,,,,,,,,,,,
,,,,,U238_ACTIVITY,"uranium isotope u238, reported as activity",,,,,,,,,,,,,,
,,,,,U238_Pb204,ratio of uranium isotope u238 to lead isotope pb204,,,,,,,,,,,,,,
,,,,,U238_Pb206,ratio of uranium isotope u238 to lead isotope pb206,,,,,,,,,,,,,,
,,,,,U238_Th230,ratio of uranium isotope u238 to thorium isotope th230,,,,,,,,,,,,,,
,,,,,U238_Th232,ratio of uranium isotope u238 to thorium isotope th232,,,,,,,,,,,,,,
,,,,,U238_Th232_ACTIVITY,"ratio of uranium isotope u238 to thorium isotope th232, reported as activity",,,,,,,,,,,,,,
,,,,,UK'37,alkenone uk'37,,,,,,,,,,,,,,
,,,,,ULSP,ulvospinel,,,,,,,,,,,,,,
,,,,,UO2,uranium oxide,,,,,,,,,,,,,,
,,,,,UVR,uvarovite,,,,,,,,,,,,,,
,,,,,V,vanadium,,,,,,,,,,,,,,
,,,,,V2O3,vanadium sesquioxide,,,,,,,,,,,,,,
,,,,,V2O5,vanadium pentoxide,,,,,,,,,,,,,,
,,,,,VES,vesicles,,,,,,,,,,,,,,
,,,,,VES-F,filled vesicle,,,,,,,,,,,,,,
,,,,,W,tungsten,,,,,,,,,,,,,,
,,,,,WO,wollastonite,,,,,,,,,,,,,,
,,,,,WO3,tungsten trioxide,,,,,,,,,,,,,,
,,,,,Xe,xenon,,,,,,,,,,,,,,
,,,,,Xe124,xenon isotope xe124,,,,,,,,,,,,,,
,,,,,Xe124_Xe130,ratio of xenon isotopes xe124 to xe130,,,,,,,,,,,,,,
,,,,,Xe124_Xe132,ratio of xenon isotopes xe124 to xe132,,,,,,,,,,,,,,
,,,,,Xe126,xenon isotope xe126,,,,,,,,,,,,,,
,,,,,Xe126_Xe130,ratio of xenon isotopes xe126 to xe130,,,,,,,,,,,,,,
,,,,,Xe126_Xe132,ratio of xenon isotopes xe126 to xe132,,,,,,,,,,,,,,
,,,,,Xe128,xenon isotope xe128,,,,,,,,,,,,,,
,,,,,Xe128_Xe130,ratio of xenon isotopes xe128 to xe130,,,,,,,,,,,,,,
,,,,,Xe128_Xe132,ratio of xenon isotopes xe128 to xe132,,,,,,,,,,,,,,
,,,,,Xe129,xenon isotope xe129,,,,,,,,,,,,,,
,,,,,Xe129_Xe130,ratio of xenon isotopes xe129 to xe130,,,,,,,,,,,,,,
,,,,,Xe129_Xe132,ratio of xenon isotopes xe129 to xe132,,,,,,,,,,,,,,
,,,,,Xe129_Xe136,ratio of xenon isotopes xe129 to xe136,,,,,,,,,,,,,,
,,,,,Xe130,xenon isotope xe130,,,,,,,,,,,,,,
,,,,,Xe130_Xe132,ratio of xenon isotopes xe130 to xe132,,,,,,,,,,,,,,
,,,,,Xe131,xenon isotope xe131,,,,,,,,,,,,,,
,,,,,Xe131_Xe130,ratio of xenon isotopes xe131 to xe130,,,,,,,,,,,,,,
,,,,,Xe131_Xe132,ratio of xenon isotopes xe131 to xe132,,,,,,,,,,,,,,
,,,,,Xe132,xenon isotope xe132,,,,,,,,,,,,,,
,,,,,Xe132_Xe130,ratio of xenon isotopes xe132 to xe130,,,,,,,,,,,,,,
,,,,,Xe134,xenon isotope xe134,,,,,,,,,,,,,,
,,,,,Xe134_Xe130,ratio of xenon isotopes xe134 to xe130,,,,,,,,,,,,,,
,,,,,Xe134_Xe132,ratio of xenon isotopes xe134 to xe132,,,,,,,,,,,,,,
,,,,,Xe136,xenon isotope xe136,,,,,,,,,,,,,,
,,,,,Xe136_He4,ratio of xenon isotope xe136 to helium isotope he4,,,,,,,,,,,,,,
,,,,,Xe136_Xe130,ratio of xenon isotopes xe136 to xe130,,,,,,,,,,,,,,
,,,,,Xe136_Xe132,ratio of xenon isotopes xe136 to xe132,,,,,,,,,,,,,,
,,,,,Y,yttrium,,,,,,,,,,,,,,
,,,,,Y2O3,yttrium oxide,,,,,,,,,,,,,,
,,,,,Yb,ytterbium,,,,,,,,,,,,,,
,,,,,Yb176_Hf177,ratio of ytterbium isotope yb176 to hafnium isotope hf177,,,,,,,,,,,,,,
,,,,,YMG,yimengite,,,,,,,,,,,,,,
,,,,,ZEOL,zeolite,,,,,,,,,,,,,,
,,,,,ZIRC,zircon,,,,,,,,,,,,,,
,,,,,Zn,zinc,,,,,,,,,,,,,,
,,,,,ZnO,zinc oxide,,,,,,,,,,,,,,
,,,,,ZO,zoisite,,,,,,,,,,,,,,
,,,,,ZOI,zoisite,,,,,,,,,,,,,,
,,,,,Zr,zirconium,,,,,,,,,,,,,,
,,,,,Zr2O3,zirconium pentoxide,,,,,,,,,,,,,,
,,,,,ZrO2,zirconium oxide,,,,,,,,,,,,,,
